<?xml version="1.0" encoding="UTF-8"?>
<mule xmlns:smtp="http://www.mulesoft.org/schema/mule/smtp" xmlns:wmq="http://www.mulesoft.org/schema/mule/ee/wmq" xmlns:massil-ldap="http://www.mulesoft.org/schema/mule/massil-ldap" xmlns:validation="http://www.mulesoft.org/schema/mule/validation" xmlns:tracking="http://www.mulesoft.org/schema/mule/ee/tracking" xmlns:db="http://www.mulesoft.org/schema/mule/db"
	xmlns:json="http://www.mulesoft.org/schema/mule/json"
	xmlns:doc="http://www.mulesoft.org/schema/mule/documentation" xmlns="http://www.mulesoft.org/schema/mule/core" xmlns:apikit="http://www.mulesoft.org/schema/mule/apikit" xmlns:http="http://www.mulesoft.org/schema/mule/http" xmlns:spring="http://www.springframework.org/schema/beans" xmlns:xsi="http://www.w3.org/2001/XMLSchema-instance" xsi:schemaLocation="http://www.mulesoft.org/schema/mule/db http://www.mulesoft.org/schema/mule/db/current/mule-db.xsd
http://www.mulesoft.org/schema/mule/json http://www.mulesoft.org/schema/mule/json/current/mule-json.xsd
http://www.mulesoft.org/schema/mule/core http://www.mulesoft.org/schema/mule/core/current/mule.xsd
http://www.mulesoft.org/schema/mule/http http://www.mulesoft.org/schema/mule/http/current/mule-http.xsd
http://www.mulesoft.org/schema/mule/apikit http://www.mulesoft.org/schema/mule/apikit/current/mule-apikit.xsd
http://www.springframework.org/schema/beans http://www.springframework.org/schema/beans/spring-beans-3.1.xsd
http://www.mulesoft.org/schema/mule/ee/tracking http://www.mulesoft.org/schema/mule/ee/tracking/current/mule-tracking-ee.xsd
http://www.mulesoft.org/schema/mule/validation http://www.mulesoft.org/schema/mule/validation/current/mule-validation.xsd
http://www.mulesoft.org/schema/mule/massil-ldap http://www.mulesoft.org/schema/mule/massil-ldap/current/mule-massil-ldap.xsd
http://www.mulesoft.org/schema/mule/smtp http://www.mulesoft.org/schema/mule/smtp/current/mule-smtp.xsd
http://www.mulesoft.org/schema/mule/ee/wmq http://www.mulesoft.org/schema/mule/ee/wmq/current/mule-wmq-ee.xsd">
    <http:listener-config name="api-httpListenerConfig" host="0.0.0.0" port="6001" doc:name="HTTP Listener Configuration"/>
    <apikit:config name="api-config" raml="api.raml" consoleEnabled="false" doc:name="Router"/>
    <db:mysql-config name="MySQL_Configuration" host="192.168.0.116" port="3306" user="root" password="Massil@123" database="SchoolApp" doc:name="MySQL Configuration"/>
    <validation:config name="Validation_Configuration" doc:name="Validation Configuration"/>
    <massil-ldap:config name="MassilLdap__Configuration" providerUrl="ffyjhyh" securityAuthentication="frsxrtgsty" securityCredentials="xcgtdhgd" securityPrincipal="xfxgsxfdxgh" userGroupDn="cfgcbxbgf" doc:name="MassilLdap: Configuration"/>
    <massil-ldap:config name="MassilLdap__Configuration1" providerUrl="ldap://localhost:389" securityAuthentication="simple" securityCredentials="cn=admin,dc=massil,dc=tech" securityPrincipal="Massil@123" userGroupDn="ou=test,dc=massil,dc=tech" doc:name="MassilLdap: Configuration"/>
    <massil-ldap:config name="MassilLdap__Configuration2" providerUrl="ldap://localhost:389" securityAuthentication="simple" securityCredentials="Massil@123" securityPrincipal="cn=admin,dc=massil,dc=tech" userGroupDn="ou=Users,dc=massil,dc=tech" doc:name="MassilLdap: Configuration"/>
    <massil-ldap:config name="MassilLdap__Configuration3" providerUrl="ldap://localhost:389" securityAuthentication="simple" securityCredentials="Massil@123" securityPrincipal="cn=admin,dc=massil,dc=tech" userGroupDn="ou=Users,dc=massil,dc=tech" doc:name="MassilLdap: Configuration"/>
    <massil-ldap:config name="MassilLdap__Configuration4" providerUrl="ldap://localhost:389" securityAuthentication="simple" securityCredentials="Massil@123" securityPrincipal="cn=admin,dc=massil,dc=tech" userGroupDn="ou=Users,dc=massil,dc=tech" doc:name="MassilLdap: Configuration"/>
    <smtp:gmail-connector name="Gmail" contentType="application/json" validateConnections="true" doc:name="Gmail"/>
    <flow name="api-main">
        <http:listener config-ref="api-httpListenerConfig" path="/api/*" doc:name="HTTP">
            <http:response-builder>
                <http:header headerName="Accept" value="application/json"/>
                <http:header headerName="Access-Control-Allow-Origin" value="*"/>
            </http:response-builder>
        </http:listener>
        <apikit:router config-ref="api-config" doc:name="APIkit Router"/>
        <exception-strategy ref="api-apiKitGlobalExceptionMapping" doc:name="Reference Exception Strategy"/>
    </flow>
    <flow name="api-console">
        <http:listener config-ref="api-httpListenerConfig" path="/console/*" doc:name="HTTP"/>
        <apikit:console config-ref="api-config" doc:name="APIkit Console"/>
    </flow>
    <flow name="get:/RequestedSchool_details:api-config">
        <validation:all doc:name="Validation">
            <validation:validations>
                <validation:is-not-empty value="#[message.inboundProperties.'http.query.params'.requestedOn]" message="ERROR"/>
                <validation:is-not-empty value="#[message.inboundProperties.'http.query.params'.guid]" message="ERROR"/>
                <validation:is-not-empty value="#[message.inboundProperties.'http.query.params'.geoLocation]" message="ERROR"/>
                <validation:is-not-empty value="#[message.inboundProperties.'http.query.params'.requestedFrom]" message="ERROR"/>
            </validation:validations>
        </validation:all>
        <set-variable variableName="var_header" value="#[message.inboundProperties.'http.query.params']" doc:name="Variable"/>
    <db:select config-ref="MySQL_Configuration" doc:name="Database">
            <db:parameterized-query><![CDATA[SELECT * FROM SchoolApp.requestedschools 
where Status='PENDING']]></db:parameterized-query>

        </db:select>
        <json:object-to-json-transformer doc:name="Object to JSON"/>


    
        <set-payload value="{  &quot;header&quot;: {   &quot;guid&quot;: &quot;#[flowVars.var_header.guid]&quot;,   &quot;requestedOn&quot;: &quot;#[flowVars.var_header.requestedOn]&quot;,   &quot;requestedFrom&quot;: &quot;#[flowVars.var_header.requestedFrom]&quot;,   &quot;geoLocation&quot;: &quot;#[flowVars.var_header.geoLocation]&quot;  },  &quot;body&quot;: #[payload] }" doc:name="Set Payload"/>
    </flow>

    <flow name="post:/Register_schools:api-config">
    <json:json-to-object-transformer returnClass="java.util.HashMap" doc:name="JSON to Object"/>
        <validation:all doc:name="Validation">
            <validation:validations>
                <validation:is-not-empty value="#[payload.header]" message="EMPTY HEADER"/>
                <validation:is-not-empty value="#[payload]" message="ERROR"/>
                <validation:is-not-empty value="#[payload.body]" message="BODY IS EMPTY"/>
            </validation:validations>
        </validation:all>
        <validation:all doc:name="Validation">
            <validation:validations>
                <validation:is-not-empty value="#[payload.body.Status]" message="Status should be APPROVED or REJECTED"/>
            </validation:validations>
        </validation:all>
        <set-session-variable variableName="V_P" value="#[payload]" doc:name="Session Variable"/>
        <set-session-variable variableName="R_id" value="#[payload.body.RequestID] " doc:name="Session Variable"/>
        <set-session-variable variableName="v_Status" value="#[payload.body.Status]" doc:name="Session Variable"/>
        <set-variable variableName="var_store" value="#[new java.util.HashMap()]" doc:name="Variable"/>
        <logger message=" ****************** #[sessionVars.U_id],#[payload.body.RequestID] ******************************" level="INFO" doc:name="Logger"/>

        <foreach collection="#[payload.body.RequestID]" rootMessageVariableName="#[flowVars.var_store]" doc:name="For Each">
            <validation:all doc:name="Validation">
                <validation:validations>
                    <validation:validate-size value="#[payload]" min="1" max="45" message=" INVALID RequestID "/>
                </validation:validations>
            </validation:all>

            <set-session-variable variableName="U_id" value="#[(long)java.lang.Math.floor(java.lang.Math.random()*9000000000L)+1000000000L] " doc:name="Session Variable"/>
            <set-variable variableName="var_id" value="#[payload]" doc:name="Variable"/>
            <flow-ref name="get_flow" doc:name="get_flow"/>
            <set-session-variable variableName="ldap" value="#[payload]" doc:name="Session Variable"/>
            <set-variable variableName="E_PYLOAD" value="#[payload.size()]" doc:name="Variable"/>
            <choice doc:name="Choice">
                <when expression="(sessionVars.v_Status=='REJECTED')&amp;&amp;(flowVars.E_PYLOAD ==1)">
                    <flow-ref name="RejectList_flow" doc:name="RejectList_flow"/>
                </when>
                <when expression="(sessionVars.v_Status=='APPROVED' )&amp;&amp;( flowVars.E_PYLOAD ==1)">
                    <flow-ref name="Approve_flow" doc:name="Approve_flow"/>
                </when>
                <when expression="#[flowVars.E_PYLOAD==0]">
                    <flow-ref name="apiFlow" doc:name="apiFlow"/>
                </when>
                <otherwise>
                    <logger message="ERROR" level="INFO" doc:name="Logger"/>
                </otherwise>
            </choice>
        </foreach>
        <expression-transformer expression="#[[  'header': {   'guid': sessionVars.V_P.header.guid,   'requestedOn': sessionVars.V_P.header.requestedOn,   'requestedFrom': sessionVars.V_P.header.requestedFrom,   'geoLocation': sessionVars.V_P.header.geoLocation  },  'body': flowVars.var_store]]" doc:name="Expression"/>
        <json:object-to-json-transformer doc:name="Object to JSON"/>
        <logger message="****************************#[flowVars.var_store]********************************" level="INFO" doc:name="Logger"/>

     <!--   <choice doc:name="Choice">
            <when expression="#[sessionVars.Reject==1]">
                <set-payload value="{  &quot;header&quot;: {    &quot;guid&quot;: &quot;#[payload.header.guid]&quot;,    &quot;requestedOn&quot;: &quot;#[server.dateTime]&quot;,    &quot;requestedFrom&quot;: &quot;#[payload.header.requestedFrom]&quot;,    &quot;geoLocation&quot;: &quot;#[payload.header.geoLocation]&quot;,    &quot;SchoolUniqueId&quot;: &quot;[1105195438123, 110519543815215]&quot;  }, &quot;body&quot;: {  &quot;RequestID&quot; : &quot;Status&quot;,  &quot;101&quot; : &quot;APPROVED&quot;,  &quot;102&quot; : &quot;REJECTED&quot;,  &quot;103&quot;:   &quot;ERROR&quot;       }}" doc:name="Set Payload"/>

                <json:object-to-json-transformer doc:name="Object to JSON"/>
            </when>
            <when expression="#[sessionVars.Approve==1]">
                <set-payload value="{
	&quot;header&quot;: {
		&quot;guid&quot;: &quot;#[payload.header.guid]&quot;,
		&quot;requestedOn&quot;: &quot;#[server.dateTime]&quot;,
		&quot;requestedFrom&quot;: &quot;#[payload.header.requestedFrom]&quot;,
		&quot;geoLocation&quot;: &quot;#[payload.header.geoLocation]&quot;

	},
	&quot;body&quot;: {
		&quot;#[flowVars.var_id]&quot;: &quot;APPROVED&quot;,
		&quot;103&quot;: &quot;ERROR&quot;
	}
}" doc:name="Set Payload"/>
                <json:object-to-json-transformer doc:name="Object to JSON"/>
            </when>
            <otherwise>
                <logger level="INFO" doc:name="Logger" message="ERROR"/>
            </otherwise>
        </choice>      --> 

    </flow>
    <flow name="get_flow">
        <db:select config-ref="MySQL_Configuration" doc:name="get Requested School Details">
            <db:parameterized-query><![CDATA[SELECT RequestID,
    FirstName,
    LastName,
    EmailId,
    SchoolName,
    WebSite,
    Address,
    city,
    state,
    zip,
    title,
    PhoneNumber,
    Status,
    role,
    createdBy,
    createdOn,
    modifiedOn,
    modifiedBy
FROM SchoolApp.requestedschools where RequestID = #[flowVars.var_id] ;]]></db:parameterized-query>
        </db:select>
        <catch-exception-strategy doc:name="Catch Exception Strategy">
            <logger message="hi iam working" level="INFO" doc:name="Logger"/>
            <set-payload value="ERROR" doc:name="Set Payload"/>
        </catch-exception-strategy>
    </flow>
    <flow name="RejectList_flow">

         <db:update config-ref="MySQL_Configuration" doc:name="Database">
            <db:parameterized-query><![CDATA[UPDATE requestedschools SET Status='REJECTED'
WHERE RequestID=#[flowVars.var_id]]]></db:parameterized-query>
        </db:update>
        <set-session-variable variableName="Reject" value="#[payload]" doc:name="Session Variable"/>
        <set-session-variable variableName="R_pushdata" value="#[flowVars.var_store.put(flowVars.var_id,&quot;REJECTED&quot;)]" doc:name="Session Variable"/>
    </flow>
    <flow name="Approve_flow">
        <db:insert config-ref="MySQL_Configuration" doc:name="Insert Registered School">
            <db:parameterized-query><![CDATA[INSERT INTO SchoolApp.registeredschools(SchoolUniqueId,RequestID,FirstName,LastName,EmailId,SchoolName,WebSite,city,state,zip,title,Address,PhoneNumber,Status,createdBy,createdOn,modifiedOn,modifiedBy) 
VALUES (
#[sessionVars.U_id],
#[payload[0].RequestID],#[payload[0].FirstName],
#[payload[0].LastName],#[payload[0].EmailId],
#[payload[0].SchoolName],#[payload[0].WebSite],#[payload[0].city],#[payload[0].state],#[payload[0].zip],#[payload[0].title],#[payload[0].Address],#[payload[0].PhoneNumber],'true',#[payload[0].createdBy],#[payload[0].createdOn],#[payload[0].modifiedOn],#[payload[0].modifiedBy]);]]></db:parameterized-query>
        </db:insert>
        <db:update config-ref="MySQL_Configuration" doc:name="Database">
            <db:parameterized-query><![CDATA[UPDATE requestedschools SET Status='APPROVED'
WHERE RequestID=#[flowVars.var_id];]]></db:parameterized-query>
        </db:update>
        <set-session-variable variableName="Approve" value="#[payload]" encoding="ISO-8859-6" doc:name="Session Variable"/>
        <set-session-variable variableName="push_data" value="#[flowVars.var_store.put(flowVars.var_id,&quot;APPROVED&quot;)]" doc:name="Session Variable"/>
        <set-variable variableName="pas" value="#[org.apache.commons.lang.RandomStringUtils.randomAlphanumeric(8)]" doc:name="Variable"/>
        <massil-ldap:create-user config-ref="MassilLdap__Configuration3" commonName="#[sessionVars.ldap[0].FirstName]" credentails="#[flowVars.pas]" email="#[sessionVars.ldap[0].EmailId]" surName="#[sessionVars.ldap[0].LastName]" telephonenumber="#[sessionVars.ldap[0].PhoneNumber]" doc:name="MassilLdap"/>
        <massil-ldap:assign-role config-ref="MassilLdap__Configuration4" groupDn="cn=ScoolAdmin,ou=Groups,dc=massil,dc=tech" uid="#[sessionVars.ldap[0].EmailId]" doc:name="MassilLdap"/>
        <set-payload value="{&quot;SchoolUniqueId&quot;:&quot;#[sessionVars.U_id]&quot; ,&quot;user_name&quot;:&quot;#[sessionVars.ldap[0].EmailId]&quot;,&quot;password&quot;:&quot;#[flowVars.pas]&quot;}" doc:name="Set Payload"/>
        <smtp:outbound-endpoint host="smtp.gmail.com" port="587" user="ssa.dev01@gmail.com" password="Massil@123" connector-ref="Gmail" to="#[sessionVars.ldap[0].EmailId]" from="ssa.dev01@gmail.com" subject="validating mail" responseTimeout="10000" doc:name="SMTP"/>
    </flow>
    <flow name="apiFlow">
        <set-payload value="&quot;INVALID RequestID&quot;" doc:name="Set Payload"/>
        <set-session-variable variableName="invalid" value="#[flowVars.var_store.put(flowVars.var_id,&quot;INVALID_id&quot;)]" doc:name="Session Variable"/>

        
    </flow>

    
    <apikit:mapping-exception-strategy name="api-apiKitGlobalExceptionMapping">
        <apikit:mapping statusCode="404">
            <apikit:exception value="org.mule.module.apikit.exception.NotFoundException" />
            <set-property propertyName="Content-Type" value="application/json" doc:name="Property"/>
            <set-payload value="{ &quot;message&quot;: &quot;Resource not found&quot; }" doc:name="Set Payload"/>
        </apikit:mapping>
        <apikit:mapping statusCode="405">
            <apikit:exception value="org.mule.module.apikit.exception.MethodNotAllowedException" />
            <set-property propertyName="Content-Type" value="application/json" doc:name="Property"/>
            <set-payload value="{ &quot;message&quot;: &quot;Method not allowed&quot; }" doc:name="Set Payload"/>
        </apikit:mapping>
        <apikit:mapping statusCode="415">
            <apikit:exception value="org.mule.module.apikit.exception.UnsupportedMediaTypeException" />
            <set-property propertyName="Content-Type" value="application/json" doc:name="Property"/>
            <set-payload value="{ &quot;message&quot;: &quot;Unsupported media type&quot; }" doc:name="Set Payload"/>
        </apikit:mapping>
        <apikit:mapping statusCode="406">
            <apikit:exception value="org.mule.module.apikit.exception.NotAcceptableException" />
            <set-property propertyName="Content-Type" value="application/json" doc:name="Property"/>
            <set-payload value="{ &quot;message&quot;: &quot;Not acceptable&quot; }" doc:name="Set Payload"/>
        </apikit:mapping>
        <apikit:mapping statusCode="400">
            <apikit:exception value="org.mule.module.apikit.exception.BadRequestException" />
            <set-property propertyName="Content-Type" value="application/json" doc:name="Property"/>
            <set-payload value="{ &quot;message&quot;: &quot;Bad request&quot; }" doc:name="Set Payload"/>
        </apikit:mapping>
    </apikit:mapping-exception-strategy>
</mule>
