<?xml version="1.0" encoding="UTF-8"?>
<mule xmlns:validation="http://www.mulesoft.org/schema/mule/validation"
	xmlns:db="http://www.mulesoft.org/schema/mule/db"
	xmlns:json="http://www.mulesoft.org/schema/mule/json"
	xmlns:doc="http://www.mulesoft.org/schema/mule/documentation" xmlns="http://www.mulesoft.org/schema/mule/core" xmlns:apikit="http://www.mulesoft.org/schema/mule/apikit" xmlns:http="http://www.mulesoft.org/schema/mule/http" xmlns:spring="http://www.springframework.org/schema/beans" xmlns:xsi="http://www.w3.org/2001/XMLSchema-instance" xsi:schemaLocation="http://www.mulesoft.org/schema/mule/validation http://www.mulesoft.org/schema/mule/validation/current/mule-validation.xsd
http://www.mulesoft.org/schema/mule/db http://www.mulesoft.org/schema/mule/db/current/mule-db.xsd
http://www.mulesoft.org/schema/mule/json http://www.mulesoft.org/schema/mule/json/current/mule-json.xsd
http://www.mulesoft.org/schema/mule/core http://www.mulesoft.org/schema/mule/core/current/mule.xsd
http://www.mulesoft.org/schema/mule/http http://www.mulesoft.org/schema/mule/http/current/mule-http.xsd
http://www.mulesoft.org/schema/mule/apikit http://www.mulesoft.org/schema/mule/apikit/current/mule-apikit.xsd
http://www.springframework.org/schema/beans http://www.springframework.org/schema/beans/spring-beans-3.1.xsd">
    <http:listener-config name="api-httpListenerConfig" host="0.0.0.0" port="6025" doc:name="HTTP Listener Configuration"/>
    <apikit:config name="api-config" raml="api.raml" consoleEnabled="false" doc:name="Router"/>
    <db:mysql-config name="MySQL_Configuration" host="192.168.0.116" port="3306" user="root" password="Massil@123" database="SchoolApp" doc:name="MySQL Configuration"/>
    <validation:config name="Validation_Configuration" doc:name="Validation Configuration"/>
    <flow name="api-main">
        <http:listener config-ref="api-httpListenerConfig" path="/api/*" doc:name="HTTP"/>
        <apikit:router config-ref="api-config" doc:name="APIkit Router"/>
        <exception-strategy ref="api-apiKitGlobalExceptionMapping" doc:name="Reference Exception Strategy"/>
    </flow>
    <flow name="api-console">
        <http:listener config-ref="api-httpListenerConfig" path="/console/*" doc:name="HTTP"/>
        <apikit:console config-ref="api-config" doc:name="APIkit Console"/>
    </flow>
    
    
        <flow name="apiFlow">

        <db:update config-ref="MySQL_Configuration" doc:name="false Database">
            <db:parameterized-query><![CDATA[UPDATE `SchoolApp`.`schoolusers`
SET
`status` = 'true'
WHERE `userRef` = #[payload];]]></db:parameterized-query>


        </db:update>
        <set-variable variableName="true_push" value="#[flowVars.var_store.put(flowVars.user,sessionVars.status)]" doc:name="Variable"/>

    </flow>
    
    
    <flow name="apiFlow1">

        <db:update config-ref="MySQL_Configuration" doc:name="true Database">
            <db:parameterized-query><![CDATA[UPDATE `SchoolApp`.`schoolusers`
SET
`status` = 'false'
WHERE `userRef` =
#[payload];]]></db:parameterized-query>



        </db:update>
        <set-variable variableName="false_push" value="#[#[flowVars.var_store.put(flowVars.user,sessionVars.status)]]" doc:name="Variable"/>
    </flow>
    
    
        <flow name="schoolUser_status_changeFlow">
        <set-session-variable variableName="user_ref" value="#[payload.body.userRef]" doc:name="Session Variable"/>
        <set-session-variable variableName="status" value="#[payload.body.status]" doc:name="Session Variable"/>

        <set-variable variableName="var_store" value="#[new java.util.HashMap()]" doc:name="Variable"/>
        <foreach collection="#[sessionVars.user_ref]" rootMessageVariableName="#[flowVars.var_store]" doc:name="For Each">
            <set-variable variableName="user" value="#[payload]" doc:name="Variable"/>

            <choice doc:name="Choice">
                <when expression="#[sessionVars.status=='true']">
                    <flow-ref name="apiFlow" doc:name="apiFlow"/>
                </when>
                <when expression="#[sessionVars.status=='false']">
                    <flow-ref name="apiFlow1" doc:name="apiFlow1"/>
                </when>

                <otherwise>
                    <logger level="INFO" doc:name="Logger"/>

                </otherwise>
            </choice>

        </foreach>
        <expression-transformer expression="#[[  'header': {  'userRef': flowVars.var_header.header.userRef,  'guid': flowVars.var_header.header.guid,   'requestedOn': flowVars.var_header.header.requestedOn,   'requestedFrom': flowVars.var_header.header.requestedFrom,   'geoLocation': flowVars.var_header.header.geoLocation  },  'body': flowVars.var_store]]" doc:name="Expression"/>
        <json:object-to-json-transformer doc:name="Object to JSON"/>
    </flow>
    
    <flow name="post:/multi_User_status_change:api-config">
 <json:json-to-object-transformer returnClass="java.util.HashMap" doc:name="JSON to Object"/>
        <validation:all config-ref="Validation_Configuration" doc:name="Validation">
            <validation:validations>
                <validation:matches-regex value="#[payload.body.userType]" regex="su|ct" caseSensitive="true" message="entered userType does not exist"/>
                <validation:matches-regex value="#[payload.body.status]" regex="true|false" message="entered status does not exist"/>
            </validation:validations>
        </validation:all>

        <set-session-variable variableName="userType" value="#[payload.body.userType]" doc:name="Session Variable"/>
        <set-variable variableName="var_header" value="#[payload]" doc:name="Variable"/>
        <choice doc:name="Choice">

            <when expression="#[payload.body.userType=='su']">
                <flow-ref name="schoolUser_status_changeFlow" doc:name="schoolUser_status_changeFlow"/>


            </when>
            <when expression="#[payload.body.userType=='ct']">
                <flow-ref name="classTeacher_status_changeFlow" doc:name="classTeacher_status_changeFlow"/>
                           </when>
            <otherwise>
                <logger level="INFO" doc:name="Logger"/>
            </otherwise>
        </choice>

    </flow>
      <flow name="classTeacher_status_changeFlow">

        <set-session-variable variableName="user_ref1" value="#[payload.body.userRef]" doc:name="Session Variable"/>
        <set-session-variable variableName="status1" value="#[payload.body.status]" doc:name="Session Variable"/>
        <set-variable variableName="var_store1" value="#[new java.util.HashMap()]" doc:name="Variable"/>
        <foreach collection="#[sessionVars.user_ref1]" rootMessageVariableName="#[flowVars.var_store1]" doc:name="For Each">
            <set-variable variableName="user1" value="#[payload]" doc:name="Variable"/>

                    <choice doc:name="Choice">
                        <when expression="#[sessionVars.status1=='true']">
                    <db:update config-ref="MySQL_Configuration" doc:name="trueDatabase">
                        <db:parameterized-query><![CDATA[UPDATE `SchoolApp`.`schoolusers`
SET
`status` = 'true'
WHERE `userRef` = #[payload];]]></db:parameterized-query>

                    </db:update>
                    <set-variable variableName="true_push1" value="#[flowVars.var_store1.put(flowVars.user1,sessionVars.status1)]" doc:name="Variable"/>

                        </when>
                        <when expression="#[sessionVars.status1=='false']">
                    <db:update config-ref="MySQL_Configuration" doc:name="falseDatabase">
                        <db:parameterized-query><![CDATA[UPDATE `SchoolApp`.`schoolusers`
SET
`status` = 'false'
WHERE `userRef` =
#[payload];]]></db:parameterized-query>
                    </db:update>
                    <set-variable variableName="false_push" value="#[#[flowVars.var_store1.put(flowVars.user1,sessionVars.status1)]]" doc:name="Variable"/>

                        </when>
                        <otherwise>
                            <logger message="failed" level="INFO" doc:name="Logger"/>
                        </otherwise>
                    </choice>


        </foreach>
        <expression-transformer expression="#[[  'header': {  'userRef': flowVars.var_header.header.userRef,  'guid': flowVars.var_header.header.guid,   'requestedOn': flowVars.var_header.header.requestedOn,   'requestedFrom': flowVars.var_header.header.requestedFrom,   'geoLocation': flowVars.var_header.header.geoLocation  },  'body': flowVars.var_store1]]" doc:name="Expression"/>
        <json:object-to-json-transformer doc:name="Object to JSON"/>

    </flow>
    
    <apikit:mapping-exception-strategy name="api-apiKitGlobalExceptionMapping">
        <apikit:mapping statusCode="404">
            <apikit:exception value="org.mule.module.apikit.exception.NotFoundException" />
            <set-property propertyName="Content-Type" value="application/json" doc:name="Property"/>
            <set-payload value="{ &quot;message&quot;: &quot;Resource not found&quot; }" doc:name="Set Payload"/>
        </apikit:mapping>
        <apikit:mapping statusCode="405">
            <apikit:exception value="org.mule.module.apikit.exception.MethodNotAllowedException" />
            <set-property propertyName="Content-Type" value="application/json" doc:name="Property"/>
            <set-payload value="{ &quot;message&quot;: &quot;Method not allowed&quot; }" doc:name="Set Payload"/>
        </apikit:mapping>
        <apikit:mapping statusCode="415">
            <apikit:exception value="org.mule.module.apikit.exception.UnsupportedMediaTypeException" />
            <set-property propertyName="Content-Type" value="application/json" doc:name="Property"/>
            <set-payload value="{ &quot;message&quot;: &quot;Unsupported media type&quot; }" doc:name="Set Payload"/>
        </apikit:mapping>
        <apikit:mapping statusCode="406">
            <apikit:exception value="org.mule.module.apikit.exception.NotAcceptableException" />
            <set-property propertyName="Content-Type" value="application/json" doc:name="Property"/>
            <set-payload value="{ &quot;message&quot;: &quot;Not acceptable&quot; }" doc:name="Set Payload"/>
        </apikit:mapping>
        <apikit:mapping statusCode="400">
            <apikit:exception value="org.mule.module.apikit.exception.BadRequestException" />
            <set-property propertyName="Content-Type" value="application/json" doc:name="Property"/>
            <set-payload value="{ &quot;message&quot;: &quot;Bad request&quot; }" doc:name="Set Payload"/>
        </apikit:mapping>
    </apikit:mapping-exception-strategy>
</mule>
