<?xml version="1.0" encoding="UTF-8"?>
<mule xmlns:tracking="http://www.mulesoft.org/schema/mule/ee/tracking" xmlns:json="http://www.mulesoft.org/schema/mule/json" xmlns:doc="http://www.mulesoft.org/schema/mule/documentation" xmlns:validation="http://www.mulesoft.org/schema/mule/validation" xmlns:massil-ldap="http://www.mulesoft.org/schema/mule/massil-ldap" xmlns="http://www.mulesoft.org/schema/mule/core" xmlns:apikit="http://www.mulesoft.org/schema/mule/apikit" xmlns:http="http://www.mulesoft.org/schema/mule/http" xmlns:spring="http://www.springframework.org/schema/beans" xmlns:xsi="http://www.w3.org/2001/XMLSchema-instance" xsi:schemaLocation="http://www.mulesoft.org/schema/mule/core http://www.mulesoft.org/schema/mule/core/current/mule.xsd
http://www.mulesoft.org/schema/mule/http http://www.mulesoft.org/schema/mule/http/current/mule-http.xsd
http://www.mulesoft.org/schema/mule/apikit http://www.mulesoft.org/schema/mule/apikit/current/mule-apikit.xsd
http://www.springframework.org/schema/beans http://www.springframework.org/schema/beans/spring-beans-3.1.xsd
http://www.mulesoft.org/schema/mule/json http://www.mulesoft.org/schema/mule/json/current/mule-json.xsd
http://www.mulesoft.org/schema/mule/massil-ldap http://www.mulesoft.org/schema/mule/massil-ldap/current/mule-massil-ldap.xsd
http://www.mulesoft.org/schema/mule/validation http://www.mulesoft.org/schema/mule/validation/current/mule-validation.xsd
http://www.mulesoft.org/schema/mule/ee/tracking http://www.mulesoft.org/schema/mule/ee/tracking/current/mule-tracking-ee.xsd">
    <http:listener-config name="api-httpListenerConfig" host="0.0.0.0" port="6003" doc:name="HTTP Listener Configuration"/>
    <apikit:config name="api-config" raml="api.raml" consoleEnabled="false" doc:name="Router"/>
    <massil-ldap:config name="MassilLdap__Configuration" providerUrl="ldap://localhost:389" securityAuthentication="simple" securityCredentials="Massil@123" securityPrincipal="cn=admin,dc=massil,dc=tech" userGroupDn="ou=Users,dc=massil,dc=tech" doc:name="MassilLdap: Configuration"/>
    <flow name="api-main">
        <http:listener config-ref="api-httpListenerConfig" path="/api/*" doc:name="HTTP"/>
        <apikit:router config-ref="api-config" doc:name="APIkit Router"/>
        <exception-strategy ref="api-apiKitGlobalExceptionMapping" doc:name="Reference Exception Strategy"/>
    </flow>
    <flow name="api-console">
        <http:listener config-ref="api-httpListenerConfig" path="/console/*" doc:name="HTTP"/>
        <apikit:console config-ref="api-config" doc:name="APIkit Console"/>
    </flow>
    <flow name="post:/changepassword:api-config">
        <json:json-to-object-transformer returnClass="java.lang.Object" doc:name="JSON to Object"/>
        <validation:all doc:name="Validation">
            <validation:validations>
                <validation:is-not-empty value="#[payload.header]" message="error: &quot;HEADER should not empty&quot; "/>
                <validation:is-not-empty value="#[payload.body]" message="error : 'body should not empty'"/>
            </validation:validations>
        </validation:all>
        <set-variable variableName="var_payload" value="#[payload]" doc:name="Variable"/>
        <massil-ldap:search-user config-ref="MassilLdap__Configuration" uid="#[flowVars.var_payload.body.uid]" doc:name="MassilLdap"/>
        <json:json-to-object-transformer returnClass="java.lang.Object" doc:name="JSON to Object"/>
        <choice doc:name="Choice">
            <when expression="#[payload.statusCode == '-1']">
                <json:object-to-json-transformer doc:name="Object to JSON"/>
                <logger message="notworking" level="INFO" doc:name="Logger"/>
            </when>
            <otherwise>
                <massil-ldap:modify-user-attribute config-ref="MassilLdap__Configuration" attributeName="userpassword" attributeValue="#[flowVars.var_payload.body.password]" uid="#[flowVars.var_payload.body.uid]" doc:name="MassilLdap"/>
                <expression-transformer expression="#[['header':{  'guid': flowVars.var_payload.header.guid,   'requestedOn': flowVars.var_payload.header.requestedOn,   'requestedFrom': flowVars.var_payload.header.requestedFrom,   'geoLocation': flowVars.var_payload.header.geoLocation  },'body':'password changed sucessfully']]" doc:name="Expression"/>
                <json:object-to-json-transformer doc:name="Object to JSON"/>
            </otherwise>
        </choice>

    </flow>
    <apikit:mapping-exception-strategy name="api-apiKitGlobalExceptionMapping">
        <apikit:mapping statusCode="404">
            <apikit:exception value="org.mule.module.apikit.exception.NotFoundException" />
            <set-property propertyName="Content-Type" value="application/json" doc:name="Property"/>
            <set-payload value="{ &quot;message&quot;: &quot;Resource not found&quot; }" doc:name="Set Payload"/>
        </apikit:mapping>
        <apikit:mapping statusCode="405">
            <apikit:exception value="org.mule.module.apikit.exception.MethodNotAllowedException" />
            <set-property propertyName="Content-Type" value="application/json" doc:name="Property"/>
            <set-payload value="{ &quot;message&quot;: &quot;Method not allowed&quot; }" doc:name="Set Payload"/>
        </apikit:mapping>
        <apikit:mapping statusCode="415">
            <apikit:exception value="org.mule.module.apikit.exception.UnsupportedMediaTypeException" />
            <set-property propertyName="Content-Type" value="application/json" doc:name="Property"/>
            <set-payload value="{ &quot;message&quot;: &quot;Unsupported media type&quot; }" doc:name="Set Payload"/>
        </apikit:mapping>
        <apikit:mapping statusCode="406">
            <apikit:exception value="org.mule.module.apikit.exception.NotAcceptableException" />
            <set-property propertyName="Content-Type" value="application/json" doc:name="Property"/>
            <set-payload value="{ &quot;message&quot;: &quot;Not acceptable&quot; }" doc:name="Set Payload"/>
        </apikit:mapping>
        <apikit:mapping statusCode="400">
            <apikit:exception value="org.mule.module.apikit.exception.BadRequestException" />
            <set-property propertyName="Content-Type" value="application/json" doc:name="Property"/>
            <set-payload value="{ &quot;message&quot;: &quot;Bad request&quot; }" doc:name="Set Payload"/>
        </apikit:mapping>
    </apikit:mapping-exception-strategy>
</mule>
