<?xml version="1.0" encoding="UTF-8"?>
<mule xmlns:validation="http://www.mulesoft.org/schema/mule/validation" xmlns:tracking="http://www.mulesoft.org/schema/mule/ee/tracking" xmlns:db="http://www.mulesoft.org/schema/mule/db"
	xmlns:json="http://www.mulesoft.org/schema/mule/json"
	xmlns:doc="http://www.mulesoft.org/schema/mule/documentation" xmlns="http://www.mulesoft.org/schema/mule/core" xmlns:apikit="http://www.mulesoft.org/schema/mule/apikit" xmlns:http="http://www.mulesoft.org/schema/mule/http" xmlns:spring="http://www.springframework.org/schema/beans" xmlns:xsi="http://www.w3.org/2001/XMLSchema-instance" xsi:schemaLocation="http://www.mulesoft.org/schema/mule/db http://www.mulesoft.org/schema/mule/db/current/mule-db.xsd
http://www.mulesoft.org/schema/mule/json http://www.mulesoft.org/schema/mule/json/current/mule-json.xsd
http://www.mulesoft.org/schema/mule/core http://www.mulesoft.org/schema/mule/core/current/mule.xsd
http://www.mulesoft.org/schema/mule/http http://www.mulesoft.org/schema/mule/http/current/mule-http.xsd
http://www.mulesoft.org/schema/mule/apikit http://www.mulesoft.org/schema/mule/apikit/current/mule-apikit.xsd
http://www.springframework.org/schema/beans http://www.springframework.org/schema/beans/spring-beans-3.1.xsd
http://www.mulesoft.org/schema/mule/ee/tracking http://www.mulesoft.org/schema/mule/ee/tracking/current/mule-tracking-ee.xsd
http://www.mulesoft.org/schema/mule/validation http://www.mulesoft.org/schema/mule/validation/current/mule-validation.xsd">
    <http:listener-config name="kidstatuschange-httpListenerConfig" host="0.0.0.0" port="6012" doc:name="HTTP Listener Configuration"/>
    <apikit:config name="kidstatuschange-config" raml="kidstatuschange.raml" consoleEnabled="false" doc:name="Router"/>
    <db:mysql-config name="MySQL_Configuration" host="192.168.0.116" port="3306" user="root" password="Massil@123" database="SchoolApp" doc:name="MySQL Configuration"/>
    <validation:config name="Validation_Configuration" doc:name="Validation Configuration"/>
    <db:mysql-config name="MySQL_Configuration1" host="192.168.0.116" port="3306" user="root" password="Massil@123" database="SchoolApp" doc:name="MySQL Configuration"/>
    <db:mysql-config name="MySQL_Configuration2" host="192.168.0.116" port="3306" user="root" password="Massil@123" database="SchoolApp" doc:name="MySQL Configuration"/>
    <validation:config name="Validation_Configuration1" doc:name="Validation Configuration"/>
    <validation:config name="Validation_Configuration2" doc:name="Validation Configuration"/>
    <validation:config name="Validation_Configuration3" doc:name="Validation Configuration"/>
    <validation:config name="Validation_Configuration4" doc:name="Validation Configuration"/>
    <validation:config name="Validation_Configuration5" doc:name="Validation Configuration"/>
    <flow name="kidstatuschange-main">
        <http:listener config-ref="kidstatuschange-httpListenerConfig" path="/api/*" doc:name="HTTP">
            <http:response-builder>
                <http:header headerName="Access-Control-Allow-Origin" value="*"/>
                <http:header headerName="Content-Type" value="application/json"/>
            </http:response-builder>
        </http:listener>

        <apikit:router config-ref="kidstatuschange-config" doc:name="APIkit Router"/>
        <exception-strategy ref="kidstatuschange-apiKitGlobalExceptionMapping" doc:name="Reference Exception Strategy"/>
    </flow>
    <flow name="kidstatuschange-console">
        <http:listener config-ref="kidstatuschange-httpListenerConfig" path="/console/*" doc:name="HTTP"/>
        <apikit:console config-ref="kidstatuschange-config" doc:name="APIkit Console"/>
    </flow>
    <flow name="post:/Kid_Status_Change:kidstatuschange-config">
     <json:json-to-object-transformer returnClass="java.lang.Object" doc:name="JSON to Object"/>
        <set-session-variable variableName="pay_v" value="#[payload]" doc:name="Session Variable"/>
        <validation:is-not-empty config-ref="Validation_Configuration4" message="header is missing" value="#[payload.header]" doc:name="Validation"/>
        <validation:is-not-empty config-ref="Validation_Configuration5" message="body is missing" value="#[payload.body]" doc:name="Validation"/>

        <set-session-variable variableName="kidId" value="#[payload.body.kidId]" doc:name="Session Variable"/>
        <set-variable variableName="kidStatus" value="#[payload.body.kidStatus]" doc:name="Variable"/>
        <validation:matches-regex config-ref="Validation_Configuration2" message="kidStatus should be either true or false" value="#[payload.body.kidStatus]" regex="true|false" doc:name="Validation"/>
        <set-variable variableName="var_store" value="#[new java.util.HashMap()]" doc:name="Variable"/>
        <foreach collection="#[sessionVars.kidId]" doc:name="For Each" rootMessageVariableName="#[flowVars.var_store]">
            <set-variable variableName="v_pay" value="#[payload]" doc:name="Variable"/>
            <choice doc:name="Choice">
                <when expression="#[flowVars.kidStatus=='false']">
                    <flow-ref name="kidstatuschangefalseFlow" doc:name="kidstatuschangefalseFlow"/>
                </when>
                <when expression="#[flowVars.kidStatus=='true']">
                    <flow-ref name="kidstatuschangetrueFlow1" doc:name="kidstatuschangetrueFlow1"/>
                </when>
                <otherwise>
                    <logger level="INFO" doc:name="Logger"/>
                </otherwise>
            </choice>
        </foreach>
        <expression-transformer expression=" { &quot;header&quot;:{   &quot;guid&quot;:&quot;&quot;,    &quot;responseon&quot;:&quot;&quot;,    &quot;responsefrom&quot;:&quot;&quot;,    &quot;geolocation&quot;:&quot;&quot;   },    &quot;body&quot;:#[flowVars.var_store] }" doc:name="Expression"/>
        <json:object-to-json-transformer doc:name="Object to JSON"/>

    </flow>
    <flow name="kidstatuschangefalseFlow">
        <db:update config-ref="MySQL_Configuration" doc:name="f_Database">
            <db:parameterized-query><![CDATA[update SchoolApp.kidinfo set kidStatus="false"
 where kidId=#[payload];]]></db:parameterized-query>
        </db:update>
        <set-variable variableName="ki_vdtn" value="#[payload]" doc:name="Variable"/>
        <choice doc:name="Choice">
            <when expression="#[flowVars.ki_vdtn==1]">
                <set-variable variableName="false_push" value="#[flowVars.var_store.put(flowVars.v_pay,flowVars.kidStatus)]" doc:name="Variable"/>
            </when>
            <otherwise>
                <set-variable variableName="invalid" value="#[flowVars.var_store.put(flowVars.v_pay,'kid ID does NOT Exist')]" doc:name="Variable"/>
            </otherwise>
        </choice>
    </flow>
    <flow name="kidstatuschangetrueFlow1">
        <db:update config-ref="MySQL_Configuration" doc:name="T_Database">
            <db:parameterized-query><![CDATA[update kidinfo set kidStatus="true"
 where kidId=#[payload];]]></db:parameterized-query>
        </db:update>
        <set-variable variableName="kit_vldtn" value="#[payload]" doc:name="Variable"/>
        <choice doc:name="Choice">
            <when expression="#[payload==1]">
                <set-variable variableName="true_push" value="#[flowVars.var_store.put(flowVars.v_pay,flowVars.kidStatus)]" doc:name="Variable"/>
            </when>
            <otherwise>
                <set-variable variableName="tinvalid" value="#[flowVars.var_store.put(flowVars.v_pay,'Invalid KidId')]" doc:name="Variable"/>
            </otherwise>
        </choice>
    </flow>
    <apikit:mapping-exception-strategy name="kidstatuschange-apiKitGlobalExceptionMapping">
        <apikit:mapping statusCode="404">
            <apikit:exception value="org.mule.module.apikit.exception.NotFoundException" />
            <set-property propertyName="Content-Type" value="application/json" doc:name="Property"/>
            <set-payload value="{ &quot;message&quot;: &quot;Resource not found&quot; }" doc:name="Set Payload"/>
        </apikit:mapping>
        <apikit:mapping statusCode="405">
            <apikit:exception value="org.mule.module.apikit.exception.MethodNotAllowedException" />
            <set-property propertyName="Content-Type" value="application/json" doc:name="Property"/>
            <set-payload value="{ &quot;message&quot;: &quot;Method not allowed&quot; }" doc:name="Set Payload"/>
        </apikit:mapping>
        <apikit:mapping statusCode="415">
            <apikit:exception value="org.mule.module.apikit.exception.UnsupportedMediaTypeException" />
            <set-property propertyName="Content-Type" value="application/json" doc:name="Property"/>
            <set-payload value="{ &quot;message&quot;: &quot;Unsupported media type&quot; }" doc:name="Set Payload"/>
        </apikit:mapping>
        <apikit:mapping statusCode="406">
            <apikit:exception value="org.mule.module.apikit.exception.NotAcceptableException" />
            <set-property propertyName="Content-Type" value="application/json" doc:name="Property"/>
            <set-payload value="{ &quot;message&quot;: &quot;Not acceptable&quot; }" doc:name="Set Payload"/>
        </apikit:mapping>
        <apikit:mapping statusCode="400">
            <apikit:exception value="org.mule.module.apikit.exception.BadRequestException" />
            <set-property propertyName="Content-Type" value="application/json" doc:name="Property"/>
            <set-payload value="{ &quot;message&quot;: &quot;Bad request&quot; }" doc:name="Set Payload"/>
        </apikit:mapping>
    </apikit:mapping-exception-strategy>
</mule>
