<metadata__catalog__entry>
  <version>5.2.0.0</version>
  <types class="tree-map">
    <entry>
      <org.mule.common.metadata.DefaultMetaDataKey>
        <id>java.util.HashMap</id>
        <displayName>java.util.HashMap</displayName>
        <category>DEFAULT</category>
        <metaDataKeyPropertiesManager>
          <properties>
            <org.mule.common.metadata.key.property.dsql.DsqlFromMetaDataKeyProperty/>
          </properties>
        </metaDataKeyPropertiesManager>
      </org.mule.common.metadata.DefaultMetaDataKey>
      <org.mule.common.metadata.DefaultPojoMetaDataModel>
        <implementationClass>java.util.HashMap</implementationClass>
        <dataType>POJO</dataType>
        <metaDataModelPropertiesManager>
          <properties/>
        </metaDataModelPropertiesManager>
        <fields>
          <org.mule.common.metadata.DefaultMetaDataField>
            <name>empty</name>
            <model class="org.mule.common.metadata.DefaultSimpleMetaDataModel">
              <dataType>BOOLEAN</dataType>
              <metaDataModelPropertiesManager>
                <properties/>
              </metaDataModelPropertiesManager>
            </model>
            <accessType>READ</accessType>
            <metaDataFieldPropertyManager>
              <properties>
                <org.mule.common.metadata.field.property.dsql.DsqlSelectMetaDataFieldProperty/>
                <org.mule.common.metadata.field.property.dsql.DsqlWhereMetaDataFieldProperty/>
                <org.mule.common.metadata.field.property.dsql.DsqlOrderMetaDataFieldProperty/>
                <org.mule.common.metadata.field.property.dsql.DsqlQueryOperatorsMetaDataFieldProperty>
                  <supportedOperators class="java.util.Arrays$ArrayList">
                    <a class="org.mule.common.query.expression.Operator-array">
                      <org.mule.common.query.expression.EqualsOperator/>
                      <org.mule.common.query.expression.NotEqualsOperator/>
                    </a>
                  </supportedOperators>
                </org.mule.common.metadata.field.property.dsql.DsqlQueryOperatorsMetaDataFieldProperty>
              </properties>
            </metaDataFieldPropertyManager>
          </org.mule.common.metadata.DefaultMetaDataField>
        </fields>
        <clazzName>java.util.HashMap</clazzName>
        <isInterface>false</isInterface>
        <name>HashMap</name>
        <parentNames>
          <string>java.lang.Cloneable</string>
          <string>java.util.AbstractMap</string>
          <string>java.util.Map</string>
          <string>java.lang.Object</string>
          <string>java.io.Serializable</string>
        </parentNames>
      </org.mule.common.metadata.DefaultPojoMetaDataModel>
    </entry>
  </types>
  <connectorName>MassilLdap__Configuration</connectorName>
</metadata__catalog__entry>