<?xml version="1.0" encoding="UTF-8"?>
<mule xmlns:db="http://www.mulesoft.org/schema/mule/db"
	xmlns:json="http://www.mulesoft.org/schema/mule/json"
	xmlns="http://www.mulesoft.org/schema/mule/core" xmlns:apikit="http://www.mulesoft.org/schema/mule/apikit" xmlns:doc="http://www.mulesoft.org/schema/mule/documentation" xmlns:http="http://www.mulesoft.org/schema/mule/http" xmlns:spring="http://www.springframework.org/schema/beans" xmlns:xsi="http://www.w3.org/2001/XMLSchema-instance" xsi:schemaLocation="http://www.mulesoft.org/schema/mule/db http://www.mulesoft.org/schema/mule/db/current/mule-db.xsd
http://www.mulesoft.org/schema/mule/json http://www.mulesoft.org/schema/mule/json/current/mule-json.xsd
http://www.mulesoft.org/schema/mule/core http://www.mulesoft.org/schema/mule/core/current/mule.xsd
http://www.mulesoft.org/schema/mule/http http://www.mulesoft.org/schema/mule/http/current/mule-http.xsd
http://www.mulesoft.org/schema/mule/apikit http://www.mulesoft.org/schema/mule/apikit/current/mule-apikit.xsd
http://www.springframework.org/schema/beans http://www.springframework.org/schema/beans/spring-beans-3.1.xsd">
    <http:listener-config name="getTeachersapi-httpListenerConfig" host="0.0.0.0" port="6078" doc:name="HTTP Listener Configuration" />
    <apikit:config name="getTeachersapi-config" raml="getTeachersapi.raml" consoleEnabled="false" doc:name="Router" />
    <db:mysql-config name="MySQL_Configuration" host="192.168.0.116" port="3306" user="root" password="Massil@123" database="SchoolApp" doc:name="MySQL Configuration"/>
    <flow name="getTeachersapi-main">
        <http:listener config-ref="getTeachersapi-httpListenerConfig" path="/api/*" doc:name="HTTP" />
        <apikit:router config-ref="getTeachersapi-config" doc:name="APIkit Router" />
        <exception-strategy ref="getTeachersapi-apiKitGlobalExceptionMapping" doc:name="Reference Exception Strategy" />
    </flow>
    <flow name="getTeachersapi-console">
        <http:listener config-ref="getTeachersapi-httpListenerConfig" path="/console/*" doc:name="HTTP" />
        <apikit:console config-ref="getTeachersapi-config" doc:name="APIkit Console" />
    </flow>

    <flow name="get:/getTeacherProfiles:getTeachersapi-config">
        <set-session-variable variableName="userId" value="#[message.inboundProperties.'http.query.params'.userId]" doc:name="Session Variable"/>
        <set-variable variableName="qp" value="#[message.inboundProperties.'http.query.params']" doc:name="Variable"/>

        <db:select config-ref="MySQL_Configuration" doc:name="Database">
            <db:parameterized-query><![CDATA[select * from SchoolApp.registeredschools
where emailId=#[sessionVars.userId];]]></db:parameterized-query>

        </db:select>
        <choice doc:name="Choice">
            <when expression="#[payload!=[]]">
                <db:select config-ref="MySQL_Configuration" doc:name="Database">
                    <db:parameterized-query><![CDATA[select * from SchoolApp.teachers where SchoolUniqueId=#[payload[0].SchoolUniqueId]]]></db:parameterized-query>

                </db:select>
                <json:object-to-json-transformer doc:name="Object to JSON"/>
                <set-payload value="{ &quot;header&quot;:     { &quot;userId&quot;:&quot;#[flowVars.qp.userId]&quot;, &quot;userRef&quot;:&quot;#[flowVars.qp.userRef]&quot;,       &quot;guid&quot;:&quot;#[flowVars.qp.guid]&quot;,       &quot;responseon&quot;:&quot;#[server.dateTime]&quot;,       &quot;responsefrom&quot;:&quot;#[flowVars.qp.requestedFrom]&quot;,       &quot;geolocation&quot;:&quot;#[flowVars.qp.geoLocation]&quot;     },      &quot;body&quot;:#[payload]   }" doc:name="Set Payload"/>

            </when>
            <when expression="#[payload==[]]">
                <set-payload value="{&quot;message&quot;:&quot;Entered userId doesn't exists&quot;}" doc:name="Set Payload"/>
            </when>
            <otherwise>
                <logger level="INFO" doc:name="Logger"/>
            </otherwise>
        </choice>

    </flow>
    <apikit:mapping-exception-strategy name="getTeachersapi-apiKitGlobalExceptionMapping">
        <apikit:mapping statusCode="404">
            <apikit:exception value="org.mule.module.apikit.exception.NotFoundException" />
            <set-property propertyName="Content-Type" value="application/json" doc:name="Property" />
            <set-payload value="{ &quot;message&quot;: &quot;Resource not found&quot; }" doc:name="Set Payload" />
        </apikit:mapping>
        <apikit:mapping statusCode="405">
            <apikit:exception value="org.mule.module.apikit.exception.MethodNotAllowedException" />
            <set-property propertyName="Content-Type" value="application/json" doc:name="Property" />
            <set-payload value="{ &quot;message&quot;: &quot;Method not allowed&quot; }" doc:name="Set Payload" />
        </apikit:mapping>
        <apikit:mapping statusCode="415">
            <apikit:exception value="org.mule.module.apikit.exception.UnsupportedMediaTypeException" />
            <set-property propertyName="Content-Type" value="application/json" doc:name="Property" />
            <set-payload value="{ &quot;message&quot;: &quot;Unsupported media type&quot; }" doc:name="Set Payload" />
        </apikit:mapping>
        <apikit:mapping statusCode="406">
            <apikit:exception value="org.mule.module.apikit.exception.NotAcceptableException" />
            <set-property propertyName="Content-Type" value="application/json" doc:name="Property" />
            <set-payload value="{ &quot;message&quot;: &quot;Not acceptable&quot; }" doc:name="Set Payload" />
        </apikit:mapping>
        <apikit:mapping statusCode="400">
            <apikit:exception value="org.mule.module.apikit.exception.BadRequestException" />
            <set-property propertyName="Content-Type" value="application/json" doc:name="Property" />
            <set-payload value="{ &quot;message&quot;: &quot;Bad request&quot; }" doc:name="Set Payload" />
        </apikit:mapping>
    </apikit:mapping-exception-strategy>
</mule>
