<?xml version="1.0" encoding="UTF-8"?>
<mule xmlns:tracking="http://www.mulesoft.org/schema/mule/ee/tracking" xmlns:validation="http://www.mulesoft.org/schema/mule/validation" xmlns:db="http://www.mulesoft.org/schema/mule/db" xmlns:json="http://www.mulesoft.org/schema/mule/json" xmlns:doc="http://www.mulesoft.org/schema/mule/documentation" xmlns="http://www.mulesoft.org/schema/mule/core" xmlns:apikit="http://www.mulesoft.org/schema/mule/apikit" xmlns:http="http://www.mulesoft.org/schema/mule/http" xmlns:spring="http://www.springframework.org/schema/beans" xmlns:xsi="http://www.w3.org/2001/XMLSchema-instance" xsi:schemaLocation="http://www.mulesoft.org/schema/mule/core http://www.mulesoft.org/schema/mule/core/current/mule.xsd
http://www.mulesoft.org/schema/mule/http http://www.mulesoft.org/schema/mule/http/current/mule-http.xsd
http://www.mulesoft.org/schema/mule/apikit http://www.mulesoft.org/schema/mule/apikit/current/mule-apikit.xsd
http://www.springframework.org/schema/beans http://www.springframework.org/schema/beans/spring-beans-3.1.xsd
http://www.mulesoft.org/schema/mule/db http://www.mulesoft.org/schema/mule/db/current/mule-db.xsd
http://www.mulesoft.org/schema/mule/json http://www.mulesoft.org/schema/mule/json/current/mule-json.xsd
http://www.mulesoft.org/schema/mule/validation http://www.mulesoft.org/schema/mule/validation/current/mule-validation.xsd
http://www.mulesoft.org/schema/mule/ee/tracking http://www.mulesoft.org/schema/mule/ee/tracking/current/mule-tracking-ee.xsd">
    <http:listener-config name="getkiddetails-httpListenerConfig" host="0.0.0.0" port="6014" doc:name="HTTP Listener Configuration"/>
    <apikit:config name="getkiddetails-config" raml="getkiddetails.raml" consoleEnabled="false" doc:name="Router"/>
    <db:mysql-config name="MySQL_Configuration" host="192.168.0.116" port="3306" user="root" password="Massil@123" database="SchoolApp" doc:name="MySQL Configuration"/>
    <validation:config name="Validation_Configuration" doc:name="Validation Configuration"/>

    <flow name="getkiddetails-main">
        <http:listener config-ref="getkiddetails-httpListenerConfig" path="/api/*" doc:name="HTTP">
            <http:response-builder>
                <http:header headerName="Access-Control-Allow-Origin" value="*"/>
            </http:response-builder>
        </http:listener>

        <apikit:router config-ref="getkiddetails-config" doc:name="APIkit Router"/>
        <exception-strategy ref="getkiddetails-apiKitGlobalExceptionMapping" doc:name="Reference Exception Strategy"/>
    </flow>
    <flow name="getkiddetails-console">
        <http:listener config-ref="getkiddetails-httpListenerConfig" path="/console/*" doc:name="HTTP"/>
        <apikit:console config-ref="getkiddetails-config" doc:name="APIkit Console"/>
    </flow>

    <apikit:mapping-exception-strategy name="getkiddetails-apiKitGlobalExceptionMapping">
        <apikit:mapping statusCode="404">
            <apikit:exception value="org.mule.module.apikit.exception.NotFoundException" />
            <set-property propertyName="Content-Type" value="application/json" doc:name="Property"/>
            <set-payload value="{ &quot;message&quot;: &quot;Resource not found&quot; }" doc:name="Set Payload"/>
        </apikit:mapping>
        <apikit:mapping statusCode="405">
            <apikit:exception value="org.mule.module.apikit.exception.MethodNotAllowedException" />
            <set-property propertyName="Content-Type" value="application/json" doc:name="Property"/>
            <set-payload value="{ &quot;message&quot;: &quot;Method not allowed&quot; }" doc:name="Set Payload"/>
        </apikit:mapping>
        <apikit:mapping statusCode="415">
            <apikit:exception value="org.mule.module.apikit.exception.UnsupportedMediaTypeException" />
            <set-property propertyName="Content-Type" value="application/json" doc:name="Property"/>
            <set-payload value="{ &quot;message&quot;: &quot;Unsupported media type&quot; }" doc:name="Set Payload"/>
        </apikit:mapping>
        <apikit:mapping statusCode="406">
            <apikit:exception value="org.mule.module.apikit.exception.NotAcceptableException" />
            <set-property propertyName="Content-Type" value="application/json" doc:name="Property"/>
            <set-payload value="{ &quot;message&quot;: &quot;Not acceptable&quot; }" doc:name="Set Payload"/>
        </apikit:mapping>
        <apikit:mapping statusCode="400">
            <apikit:exception value="org.mule.module.apikit.exception.BadRequestException" />
            <set-property propertyName="Content-Type" value="application/json" doc:name="Property"/>
            <set-payload value="{ &quot;message&quot;: &quot;Bad request&quot; }" doc:name="Set Payload"/>
        </apikit:mapping>
    </apikit:mapping-exception-strategy>
    <flow name="get:/get_kid_Records:getkiddetails-config">
        <validation:all config-ref="Validation_Configuration" doc:name="Validation">
            <validation:validations>
                <validation:is-not-empty value="#[message.inboundProperties.'http.query.params'.geolocation]" message= "geolocation should not be empty"/>
                <validation:is-not-empty value="#[message.inboundProperties.'http.query.params'.requestedon]"  message= "requestedon should not be empty"/>
                <validation:is-not-empty value="#[message.inboundProperties.'http.query.params'.guid]"  message= "guid should not be empty"/>
                <validation:is-not-empty value="#[message.inboundProperties.'http.query.params'.requestedfrom]" message= "requestedfrom should not be empty"/>
            </validation:validations>
        </validation:all>
        <set-session-variable variableName="userId" value="#[message.inboundProperties.'http.query.params'.userId]" doc:name="Session Variable"/>
        <set-variable variableName="params" value="#[message.inboundProperties.'http.query.params']" doc:name="Variable"/>
        <db:select config-ref="MySQL_Configuration" doc:name="Database">
            <db:parameterized-query><![CDATA[select * from SchoolApp.schoolusers where userId=#[sessionVars.userId];]]></db:parameterized-query>
        </db:select>
        <set-variable variableName="sudetails" value="#[payload.size().equals(0)]" doc:name="Variable"/>
        <choice doc:name="Choice">
            <when expression="#[flowVars.sudetails=='false']">
                <set-variable variableName="uniqid" value="#[payload[0].SchoolUniqueId]" doc:name="Variable"/>
                <db:select config-ref="MySQL_Configuration" doc:name="Database">
                    <db:parameterized-query><![CDATA[select * from SchoolApp.kidinfo where  SchoolUniqueId=#[flowVars.uniqid] and (kidStatus='true' or kidStatus='false');]]></db:parameterized-query>
                </db:select>
                <json:object-to-json-transformer doc:name="Object to JSON"/>
                <set-payload value="{ &quot;header&quot;:{   &quot;guid&quot;:&quot;#[flowVars.params.guid]&quot;,    &quot;responseon&quot;:&quot;#[flowVars.params.requestedon]&quot;,    &quot;responsefrom&quot;:&quot;#[flowVars.params.requestedfrom]&quot;,    &quot;geolocation&quot;:&quot;#[flowVars.params.geolocation]&quot;   },    &quot;body&quot;:#[payload] }" doc:name="Set Payload"/>
            </when>
            <otherwise>
                <db:select config-ref="MySQL_Configuration" doc:name="Database">
                    <db:parameterized-query><![CDATA[select * from SchoolApp.teachers where userId=#[sessionVars.userId];]]></db:parameterized-query>
                </db:select>
                <choice doc:name="Choice">
                    <when expression="#[payload.size()==1]">
                        <set-variable variableName="ctuniqid" value="#[payload[0]]" doc:name="Variable"/>
                        <db:select config-ref="MySQL_Configuration" doc:name="Database">
                            <db:parameterized-query><![CDATA[SELECT * FROM SchoolApp.kidinfo where Class= #[flowVars.ctuniqid.get('Class')] and (kidStatus='true' or kidStatus='false') and SchoolUniqueId=#[flowVars.ctuniqid.SchoolUniqueId];]]></db:parameterized-query>
                        </db:select>
                        <json:object-to-json-transformer doc:name="Object to JSON"/>
                        <set-payload value="{ &quot;header&quot;:{   &quot;guid&quot;:&quot;#[flowVars.params.guid]&quot;,    &quot;responseon&quot;:&quot;#[flowVars.params.requestedon]&quot;,    &quot;responsefrom&quot;:&quot;#[flowVars.params.requestedfrom]&quot;,    &quot;geolocation&quot;:&quot;#[flowVars.params.geolocation]&quot;   },    &quot;body&quot;:#[payload] }" doc:name="Set Payload"/>
                    </when>
                    <otherwise>
                        <logger level="INFO" doc:name="Logger"/>
                        <set-payload value="{ &quot;header&quot;:{   &quot;guid&quot;:&quot;#[flowVars.params.guid]&quot;,    &quot;responseon&quot;:&quot;#[flowVars.params.requestedon]&quot;,    &quot;responsefrom&quot;:&quot;#[flowVars.params.requestedfrom]&quot;,    &quot;geolocation&quot;:&quot;#[flowVars.params.geolocation]&quot;   },    &quot;body&quot;:{&quot;message&quot; : &quot;userId does not exist&quot;}}" doc:name="Set Payload"/>
                    </otherwise>
                </choice>
            </otherwise>
        </choice>
    </flow>
</mule>
