<?xml version="1.0" encoding="UTF-8"?>
<mule xmlns:db="http://www.mulesoft.org/schema/mule/db"
	xmlns:validation="http://www.mulesoft.org/schema/mule/validation"
	xmlns:smtp="http://www.mulesoft.org/schema/mule/smtp"
	xmlns:json="http://www.mulesoft.org/schema/mule/json"
	xmlns:massil-ldap="http://www.mulesoft.org/schema/mule/massil-ldap"
	xmlns:doc="http://www.mulesoft.org/schema/mule/documentation" xmlns="http://www.mulesoft.org/schema/mule/core" xmlns:apikit="http://www.mulesoft.org/schema/mule/apikit" xmlns:http="http://www.mulesoft.org/schema/mule/http" xmlns:spring="http://www.springframework.org/schema/beans" xmlns:xsi="http://www.w3.org/2001/XMLSchema-instance" xsi:schemaLocation="http://www.mulesoft.org/schema/mule/db http://www.mulesoft.org/schema/mule/db/current/mule-db.xsd
http://www.mulesoft.org/schema/mule/validation http://www.mulesoft.org/schema/mule/validation/current/mule-validation.xsd
http://www.mulesoft.org/schema/mule/smtp http://www.mulesoft.org/schema/mule/smtp/current/mule-smtp.xsd
http://www.mulesoft.org/schema/mule/json http://www.mulesoft.org/schema/mule/json/current/mule-json.xsd
http://www.mulesoft.org/schema/mule/massil-ldap http://www.mulesoft.org/schema/mule/massil-ldap/current/mule-massil-ldap.xsd
http://www.mulesoft.org/schema/mule/core http://www.mulesoft.org/schema/mule/core/current/mule.xsd
http://www.mulesoft.org/schema/mule/http http://www.mulesoft.org/schema/mule/http/current/mule-http.xsd
http://www.mulesoft.org/schema/mule/apikit http://www.mulesoft.org/schema/mule/apikit/current/mule-apikit.xsd
http://www.springframework.org/schema/beans http://www.springframework.org/schema/beans/spring-beans-3.1.xsd">
    <http:listener-config name="classTeacherapi-httpListenerConfig" host="0.0.0.0" port="6089" doc:name="HTTP Listener Configuration"/>
    <apikit:config name="classTeacherapi-config" raml="classTeacherapi.raml" consoleEnabled="false" doc:name="Router"/>
    <massil-ldap:config name="MassilLdap__Configuration" providerUrl="ldap://localhost:389" securityAuthentication="simple" securityCredentials="Massil@123" securityPrincipal="cn=admin,dc=massil,dc=tech" userGroupDn="ou=Users,dc=massil,dc=tech" doc:name="MassilLdap: Configuration"/>
    <validation:config name="Validation_Configuration" doc:name="Validation Configuration"/>
    <db:mysql-config name="MySQL_Configuration" host="192.168.0.116" port="3306" user="root" password="Massil@123" database="SchoolApp" doc:name="MySQL Configuration"/>
    <smtp:gmail-connector name="Gmail" contentType="text/html" validateConnections="true" doc:name="Gmail"/>
    <flow name="classTeacherapi-main">
        <http:listener config-ref="classTeacherapi-httpListenerConfig" path="/api/*" doc:name="HTTP">
            <http:response-builder>
                <http:header headerName="Access-Control-Allow-Origin" value="*"/>
            </http:response-builder>
        </http:listener>
        <apikit:router config-ref="classTeacherapi-config" doc:name="APIkit Router"/>
        <exception-strategy ref="classTeacherapi-apiKitGlobalExceptionMapping" doc:name="Reference Exception Strategy"/>
    </flow>
    <flow name="classTeacherapi-console">
        <http:listener config-ref="classTeacherapi-httpListenerConfig" path="/console/*" doc:name="HTTP"/>
        <apikit:console config-ref="classTeacherapi-config" doc:name="APIkit Console"/>
    </flow>
    <flow name="get:/emailValidation:classTeacherapi-config">
       <massil-ldap:search-user config-ref="MassilLdap__Configuration" uid="#[message.inboundProperties.'http.query.params'.emailId]" doc:name="MassilLdap"/>
        <json:json-to-object-transformer returnClass="java.lang.Object" doc:name="JSON to Object"/>
         <choice doc:name="Choice">
            <when expression="#[payload.statusCode==0]">
                <set-payload value="{&quot;result&quot;:&quot;It is TRUE&quot;}" doc:name="Set Payload"/>
            </when>
            <otherwise>
                <logger level="INFO" doc:name="Logger"/>
            </otherwise>
        </choice>
    </flow>
    <flow name="post:/Create_Teacher:classTeacherapi-config">
        <json:json-to-object-transformer returnClass="java.util.HashMap" doc:name="JSON to Object"/>
        <validation:all config-ref="Validation_Configuration" doc:name="Validation">
            <validation:validations>
                <validation:is-not-empty value="#[payload.header]" message="header Part is not available in your Data"/>
                <validation:is-not-empty value="#[payload.body]" message="body Part is not available in your Data"/>
            </validation:validations>
        </validation:all>
        <set-session-variable variableName="random_userRef" value="#[org.apache.commons.lang.RandomStringUtils.randomAlphanumeric(8)]" doc:name="Session Variable"/>

        <set-variable variableName="header" value="#[payload.header]" doc:name="Variable"/>
        <set-session-variable variableName="createuser" value="#[payload.body]" doc:name="Session Variable"/>

        <set-variable variableName="user_Ref" value="#[payload.body.userRef]" doc:name="Variable"/>
        <flow-ref name="classTeacherapiFlow" doc:name="classTeacherapiFlow"/>

        <choice doc:name="Choice">
            <when expression="#[payload.statusCode=='-1']">
                <db:select config-ref="MySQL_Configuration" doc:name="Database">
                    <db:parameterized-query><![CDATA[SELECT SchoolUniqueId FROM SchoolApp.registeredschools where EmailId=#[sessionVars.createuser.school_emailID];]]></db:parameterized-query>
                </db:select>
                <set-session-variable variableName="SchoolUniqueId" value="#[payload[0].SchoolUniqueId]" doc:name="Session Variable"/>
                <db:insert config-ref="MySQL_Configuration" doc:name="Database">
                    <db:parameterized-query><![CDATA[INSERT INTO SchoolApp.teachers
 (userRef, userId,firstName, lastName, emailId, PhoneNumber, schoolName, status, createdBy, createdOn, modifiedOn, modifiedBy, SchoolUniqueId) 
 VALUES (
#[sessionVars.random_userRef],
#[sessionVars.createuser.userId],
#[sessionVars.createuser.firstName],
#[sessionVars.createuser.lastName],
#[sessionVars.createuser.emailId],
#[sessionVars.createuser.PhoneNumber],
#[sessionVars.createuser.schoolName],
'true',
#[sessionVars.createuser.createdBy],
#[sessionVars.createuser.createdOn],
#[sessionVars.createuser.modifiedOn],
#[sessionVars.createuser.modifiedBy],
#[sessionVars.SchoolUniqueId]);]]></db:parameterized-query>
                </db:insert>

                <set-variable variableName="pas" value="#[org.apache.commons.lang.RandomStringUtils.randomAlphanumeric(8)]" doc:name="Variable"/>
                <logger message="#[sessionVars.createuser.firstName]...#[flowVars.pas]****#[sessionVars.createuser.emailId],#[sessionVars.createuser.lastName],#[sessionVars.createuser.PhoneNumber]" level="INFO" doc:name="Logger"/>
                <massil-ldap:create-user config-ref="MassilLdap__Configuration" commonName="#[sessionVars.createuser.firstName]" credentails="#[flowVars.pas]" email="#[sessionVars.createuser.emailId]" surName="#[sessionVars.createuser.lastName]" telephonenumber="#[sessionVars.createuser.PhoneNumber]" doc:name="MassilLdap"/>
                <logger message="iam working" level="INFO" doc:name="Logger"/>
                <massil-ldap:assign-role config-ref="MassilLdap__Configuration" groupDn=" cn=ClassTeacher,ou=Groups,dc=massil,dc=tech" uid="#[sessionVars.createuser.emailId]" doc:name="MassilLdap"/>
                <set-payload value="{&quot;message&quot;:&quot;hello its working&quot;,&quot;SchoolUniqueId&quot;:&quot;#[sessionVars.SchoolUniqueId]&quot; ,&quot;password&quot;:&quot;#[flowVars.pas]&quot;}" doc:name="Set Payload"/>

                <smtp:outbound-endpoint host="smtp.gmail.com" port="587" user="ssa.dev01@gmail.com" password="Massil@123" connector-ref="Gmail" to="#[sessionVars.createuser.emailId]" from="ssa.dev01@gmail.com" subject="validating mail" responseTimeout="10000" doc:name="SMTP"/>
                <json:object-to-json-transformer doc:name="Object to JSON"/>
                <expression-transformer expression="#[[ 'header':flowVars.header ,    'body':{'mesage':'Created Successfully'} ]]" doc:name="Expression"/>
                <json:object-to-json-transformer doc:name="Object to JSON"/>


            </when>
            <when expression="#[payload.statusCode=='0']">
                <set-payload value="{&quot;message&quot;:&quot;emailId  ALREADY EXISTS&quot;}" doc:name="Set Payload"/>
            </when>
            <otherwise>
                <logger level="INFO" doc:name="Logger"/>

            </otherwise>
        </choice>

    </flow>
    <flow name="classTeacherapiFlow">
      <massil-ldap:search-user config-ref="MassilLdap__Configuration" uid="#[sessionVars.createuser.emailId]" doc:name="MassilLdap"/>
        <logger message="#[payload]" level="INFO" doc:name="Logger"/>
    </flow>
    <apikit:mapping-exception-strategy name="classTeacherapi-apiKitGlobalExceptionMapping">
        <apikit:mapping statusCode="404">
            <apikit:exception value="org.mule.module.apikit.exception.NotFoundException" />
            <set-property propertyName="Content-Type" value="application/json" doc:name="Property"/>
            <set-payload value="{ &quot;message&quot;: &quot;Resource not found&quot; }" doc:name="Set Payload"/>
        </apikit:mapping>
        <apikit:mapping statusCode="405">
            <apikit:exception value="org.mule.module.apikit.exception.MethodNotAllowedException" />
            <set-property propertyName="Content-Type" value="application/json" doc:name="Property"/>
            <set-payload value="{ &quot;message&quot;: &quot;Method not allowed&quot; }" doc:name="Set Payload"/>
        </apikit:mapping>
        <apikit:mapping statusCode="415">
            <apikit:exception value="org.mule.module.apikit.exception.UnsupportedMediaTypeException" />
            <set-property propertyName="Content-Type" value="application/json" doc:name="Property"/>
            <set-payload value="{ &quot;message&quot;: &quot;Unsupported media type&quot; }" doc:name="Set Payload"/>
        </apikit:mapping>
        <apikit:mapping statusCode="406">
            <apikit:exception value="org.mule.module.apikit.exception.NotAcceptableException" />
            <set-property propertyName="Content-Type" value="application/json" doc:name="Property"/>
            <set-payload value="{ &quot;message&quot;: &quot;Not acceptable&quot; }" doc:name="Set Payload"/>
        </apikit:mapping>
        <apikit:mapping statusCode="400">
            <apikit:exception value="org.mule.module.apikit.exception.BadRequestException" />
            <set-property propertyName="Content-Type" value="application/json" doc:name="Property"/>
            <set-payload value="{ &quot;message&quot;: &quot;Bad request&quot; }" doc:name="Set Payload"/>
        </apikit:mapping>
    </apikit:mapping-exception-strategy>
</mule>
