<?xml version="1.0" encoding="UTF-8"?>
<mule xmlns:smtp="http://www.mulesoft.org/schema/mule/smtp" xmlns:tracking="http://www.mulesoft.org/schema/mule/ee/tracking" xmlns:db="http://www.mulesoft.org/schema/mule/db"
	xmlns:validation="http://www.mulesoft.org/schema/mule/validation"
	xmlns:json="http://www.mulesoft.org/schema/mule/json"
	xmlns:massil-ldap="http://www.mulesoft.org/schema/mule/massil-ldap"
	xmlns:doc="http://www.mulesoft.org/schema/mule/documentation" xmlns="http://www.mulesoft.org/schema/mule/core" xmlns:apikit="http://www.mulesoft.org/schema/mule/apikit" xmlns:http="http://www.mulesoft.org/schema/mule/http" xmlns:spring="http://www.springframework.org/schema/beans" xmlns:xsi="http://www.w3.org/2001/XMLSchema-instance" xsi:schemaLocation="http://www.mulesoft.org/schema/mule/db http://www.mulesoft.org/schema/mule/db/current/mule-db.xsd
http://www.mulesoft.org/schema/mule/validation http://www.mulesoft.org/schema/mule/validation/current/mule-validation.xsd
http://www.mulesoft.org/schema/mule/json http://www.mulesoft.org/schema/mule/json/current/mule-json.xsd
http://www.mulesoft.org/schema/mule/massil-ldap http://www.mulesoft.org/schema/mule/massil-ldap/current/mule-massil-ldap.xsd
http://www.mulesoft.org/schema/mule/core http://www.mulesoft.org/schema/mule/core/current/mule.xsd
http://www.mulesoft.org/schema/mule/http http://www.mulesoft.org/schema/mule/http/current/mule-http.xsd
http://www.mulesoft.org/schema/mule/apikit http://www.mulesoft.org/schema/mule/apikit/current/mule-apikit.xsd
http://www.springframework.org/schema/beans http://www.springframework.org/schema/beans/spring-beans-3.1.xsd
http://www.mulesoft.org/schema/mule/ee/tracking http://www.mulesoft.org/schema/mule/ee/tracking/current/mule-tracking-ee.xsd
http://www.mulesoft.org/schema/mule/smtp http://www.mulesoft.org/schema/mule/smtp/current/mule-smtp.xsd">
    <http:listener-config name="schoolregistration-httpListenerConfig" host="0.0.0.0" port="6099" doc:name="HTTP Listener Configuration"/>
    <apikit:config name="schoolregistration-config" raml="schoolregistration.raml" consoleEnabled="false" doc:name="Router"/>
    <massil-ldap:config name="MassilLdap__Configuration" providerUrl="ldap://localhost:389" securityAuthentication="simple" securityCredentials="Massil@123" securityPrincipal="cn=admin,dc=massil,dc=tech" userGroupDn="ou=Users,dc=massil,dc=tech" doc:name="MassilLdap: Configuration"/>
    <validation:config name="Validation_Configuration" doc:name="Validation Configuration"/>
    <db:mysql-config name="MySQL_Configuration" host="192.168.0.116" port="3306" user="root" password="Massil@123" database="SchoolApp" doc:name="MySQL Configuration"/>
    <smtp:gmail-connector name="Gmail" contentType="application/json" validateConnections="true" doc:name="Gmail"/>
    <flow name="schoolregistration-main">
        <http:listener config-ref="schoolregistration-httpListenerConfig" path="/api/*" doc:name="HTTP">
            <http:response-builder>
                <http:header headerName="Access-Control-Allow-Origin" value="*"/>
            </http:response-builder>
        </http:listener>
        <apikit:router config-ref="schoolregistration-config" doc:name="APIkit Router"/>
        <exception-strategy ref="schoolregistration-apiKitGlobalExceptionMapping" doc:name="Reference Exception Strategy"/>
    </flow>
    <flow name="schoolregistration-console">
        <http:listener config-ref="schoolregistration-httpListenerConfig" path="/console/*" doc:name="HTTP">
            <http:response-builder>
                <http:header headerName="Access-Control-Allow-Origin" value="*"/>
            </http:response-builder>
        </http:listener>
        <apikit:console config-ref="schoolregistration-config" doc:name="APIkit Console"/>
    </flow>
    <flow name="get:/emailValidation:schoolregistration-config">
      <massil-ldap:search-user config-ref="MassilLdap__Configuration" uid="#[message.inboundProperties.'http.query.params'.emailID]" doc:name="MassilLdap"/>
        <json:json-to-object-transformer returnClass="java.lang.Object" doc:name="JSON to Object"/>
        <choice doc:name="Choice">
            <when expression="#[payload.statusCode==0]">
                <set-payload value="{&quot;result&quot;:&quot;true&quot;}" doc:name="Set Payload"/>
            </when>
            <otherwise>
                <logger level="INFO" doc:name="Logger"/>
            </otherwise>
        </choice>

    </flow>
    <flow name="post:/registeringSchools:schoolregistration-config">
       <json:json-to-object-transformer returnClass="java.util.HashMap" doc:name="JSON to Object"/>
        <validation:all doc:name="Validation" config-ref="Validation_Configuration">
            <validation:validations>
                <validation:is-not-empty value="#[payload.body]" message="body Should not empty"/>
                <validation:is-not-empty value="#[payload.header]" message="header should not empty"/>
            </validation:validations>
        </validation:all>
        <set-session-variable variableName="randomvalue" value="#[org.apache.commons.lang.RandomStringUtils.randomAlphanumeric(8)]" doc:name="Session Variable"/>

        <logger message="#[sessionVars['randomvalue']]" level="INFO" doc:name="Logger"/>
        <set-session-variable variableName="reqs" value="#[payload]" doc:name="Session Variable"/>
        <flow-ref name="dattFlow" doc:name="dattFlow"/>
        <choice doc:name="Choice">
            <when expression="#[payload.statusCode==-1]">
                <db:insert config-ref="MySQL_Configuration" doc:name="Database">
                    <db:parameterized-query><![CDATA[INSERT INTO requestedschools (RequestID,FirstName,LastName,EmailId,SchoolName,WebSite,Address,city,state,zip,title,PhoneNumber,Status,role, createdBy,createdOn,modifiedOn,modifiedBy) 
 VALUES (
#[sessionVars.randomvalue],
#[sessionVars.reqs.body.FirstName],
#[sessionVars.reqs.body.LastName],
#[sessionVars.reqs.body.EmailId],
#[sessionVars.reqs.body.SchoolName],
#[sessionVars.reqs.body.WebSite],
#[sessionVars.reqs.body.Address],
#[sessionVars.reqs.body.city],
#[sessionVars.reqs.body.state],
#[sessionVars.reqs.body.zip],
#[sessionVars.reqs.body.title],
#[sessionVars.reqs.body.PhoneNumber],
'PENDING',
#[sessionVars.reqs.body.role],
#[sessionVars.reqs.body.createdBy],
#[sessionVars.reqs.body.createdOn],
#[sessionVars.reqs.body.modifiedOn],
#[sessionVars.reqs.body.modifiedBy]
);]]></db:parameterized-query>


                </db:insert>
                <set-payload value="{&quot;message&quot;:&quot; #[sessionVars.reqs.body.SchoolName] is Requested for Registration Successfully&quot;}" doc:name="Set Payload"/>
                <smtp:outbound-endpoint host="smtp.gmail.com" port="587" user="ssa.dev01@gmail.com" password="Massil@123" connector-ref="Gmail" to="srinivas.a@massil.tech" from="ssa.dev01@gmail.com" subject="confirm_registration" responseTimeout="10000" doc:name="SMTP"/>
                <expression-transformer expression="#[['header': sessionVars.reqs.header, 'body': {&quot;message&quot;: &quot;Successfully registered...&quot;}]]" doc:name="Expression"/>
                <json:object-to-json-transformer doc:name="Object to JSON"/>
            </when>
            <otherwise>
                <logger level="INFO" doc:name="Logger"/>
                <expression-transformer expression="#[['header': sessionVars.reqs.header, 'body': {&quot;message&quot;: &quot;user alredy exists&quot;}]]" doc:name="Expression"/>
                <json:object-to-json-transformer doc:name="Object to JSON"/>
            </otherwise>
        </choice>

    </flow>
      <flow name="dattFlow">
        <massil-ldap:search-user config-ref="MassilLdap__Configuration" uid="#[sessionVars.reqs.body.EmailId]" doc:name="MassilLdap"/>
    </flow>
    <apikit:mapping-exception-strategy name="schoolregistration-apiKitGlobalExceptionMapping">
        <apikit:mapping statusCode="404">
            <apikit:exception value="org.mule.module.apikit.exception.NotFoundException" />
            <set-property propertyName="Content-Type" value="application/json" doc:name="Property"/>
            <set-payload value="{ &quot;message&quot;: &quot;Resource not found&quot; }" doc:name="Set Payload"/>
        </apikit:mapping>
        <apikit:mapping statusCode="405">
            <apikit:exception value="org.mule.module.apikit.exception.MethodNotAllowedException" />
            <set-property propertyName="Content-Type" value="application/json" doc:name="Property"/>
            <set-payload value="{ &quot;message&quot;: &quot;Method not allowed&quot; }" doc:name="Set Payload"/>
        </apikit:mapping>
        <apikit:mapping statusCode="415">
            <apikit:exception value="org.mule.module.apikit.exception.UnsupportedMediaTypeException" />
            <set-property propertyName="Content-Type" value="application/json" doc:name="Property"/>
            <set-payload value="{ &quot;message&quot;: &quot;Unsupported media type&quot; }" doc:name="Set Payload"/>
        </apikit:mapping>
        <apikit:mapping statusCode="406">
            <apikit:exception value="org.mule.module.apikit.exception.NotAcceptableException" />
            <set-property propertyName="Content-Type" value="application/json" doc:name="Property"/>
            <set-payload value="{ &quot;message&quot;: &quot;Not acceptable&quot; }" doc:name="Set Payload"/>
        </apikit:mapping>
        <apikit:mapping statusCode="400">
            <apikit:exception value="org.mule.module.apikit.exception.BadRequestException" />
            <set-property propertyName="Content-Type" value="application/json" doc:name="Property"/>
            <set-payload value="{ &quot;message&quot;: &quot;Bad request&quot; }" doc:name="Set Payload"/>
        </apikit:mapping>
    </apikit:mapping-exception-strategy>
</mule>
