<?xml version="1.0" encoding="UTF-8"?>
<mule xmlns:validation="http://www.mulesoft.org/schema/mule/validation" xmlns:tracking="http://www.mulesoft.org/schema/mule/ee/tracking" xmlns:db="http://www.mulesoft.org/schema/mule/db"
	xmlns:json="http://www.mulesoft.org/schema/mule/json"
	xmlns:doc="http://www.mulesoft.org/schema/mule/documentation" xmlns="http://www.mulesoft.org/schema/mule/core" xmlns:apikit="http://www.mulesoft.org/schema/mule/apikit" xmlns:http="http://www.mulesoft.org/schema/mule/http" xmlns:spring="http://www.springframework.org/schema/beans" xmlns:xsi="http://www.w3.org/2001/XMLSchema-instance" xsi:schemaLocation="http://www.mulesoft.org/schema/mule/db http://www.mulesoft.org/schema/mule/db/current/mule-db.xsd
http://www.mulesoft.org/schema/mule/json http://www.mulesoft.org/schema/mule/json/current/mule-json.xsd
http://www.mulesoft.org/schema/mule/core http://www.mulesoft.org/schema/mule/core/current/mule.xsd
http://www.mulesoft.org/schema/mule/http http://www.mulesoft.org/schema/mule/http/current/mule-http.xsd
http://www.mulesoft.org/schema/mule/apikit http://www.mulesoft.org/schema/mule/apikit/current/mule-apikit.xsd
http://www.springframework.org/schema/beans http://www.springframework.org/schema/beans/spring-beans-3.1.xsd
http://www.mulesoft.org/schema/mule/ee/tracking http://www.mulesoft.org/schema/mule/ee/tracking/current/mule-tracking-ee.xsd
http://www.mulesoft.org/schema/mule/validation http://www.mulesoft.org/schema/mule/validation/current/mule-validation.xsd">
    <http:listener-config name="api-httpListenerConfig" host="0.0.0.0" port="6002" doc:name="HTTP Listener Configuration"/>
    <apikit:config name="api-config" raml="api.raml" consoleEnabled="false" doc:name="Router"/>
    <db:mysql-config name="MySQL_Configuration" host="192.168.0.116" port="3306" user="root" password="Massil@123" database="SchoolApp" doc:name="MySQL Configuration"/>
    <validation:config name="Validation_Configuration" doc:name="Validation Configuration"/>
    <flow name="api-main">
        <http:listener config-ref="api-httpListenerConfig" path="/api/*" doc:name="HTTP">
            <http:response-builder>
                <http:header headerName="Access-Control-Allow-Origin" value="*"/>
            </http:response-builder>
        </http:listener>
        <apikit:router config-ref="api-config" doc:name="APIkit Router"/>
        <exception-strategy ref="api-apiKitGlobalExceptionMapping" doc:name="Reference Exception Strategy"/>
    </flow>
    <flow name="api-console">
        <http:listener config-ref="api-httpListenerConfig" path="/console/*" doc:name="HTTP"/>
        <apikit:console config-ref="api-config" doc:name="APIkit Console"/>
    </flow>
    <flow name="get:/getr_schools:api-config">
        <validation:all doc:name="Validation">
            <validation:validations>
                <validation:is-not-empty value="#[message.inboundProperties.'http.query.params'.guid]" message="ERROR"/>
                <validation:is-not-empty value="#[message.inboundProperties.'http.query.params']"/>
                <validation:is-not-empty value="#[message.inboundProperties.'http.query.params'.requestedOn]" message="ERROR"/>
                <validation:is-not-empty value="#[message.inboundProperties.'http.query.params'.geoLocation]" message="ERROR"/>
                <validation:is-not-empty value="#[message.inboundProperties.'http.query.params'.requestedFrom]" message="ERROR"/>
            </validation:validations>
        </validation:all>
        <set-variable variableName="var_header" value="#[message.inboundProperties.'http.query.params']" doc:name="Variable"/>
     <db:select config-ref="MySQL_Configuration" doc:name="Database">
            <db:parameterized-query><![CDATA[SELECT * FROM SchoolApp.registeredschools;]]></db:parameterized-query>

        </db:select>
        <json:object-to-json-transformer doc:name="Object to JSON"/>
        <set-payload value="{  &quot;header&quot;: {   &quot;guid&quot;: &quot;#[flowVars.var_header.guid]&quot;,   &quot;requestedOn&quot;: &quot;#[flowVars.var_header.requestedOn]&quot;,   &quot;requestedFrom&quot;: &quot;#[flowVars.var_header.requestedFrom]&quot;,   &quot;geoLocation&quot;: &quot;#[flowVars.var_header.geoLocation]&quot;  },  &quot;body&quot;: #[payload] }" doc:name="Set Payload"/>

    </flow>
    <flow name="post:/changeStatus:api-config">
        <json:json-to-object-transformer returnClass="java.util.HashMap" doc:name="JSON to Object"/>
        <validation:all config-ref="Validation_Configuration" doc:name="Validation">
            <validation:validations>
                <validation:is-not-empty value="#[payload.header]" message="Header Part is not available in your Data"/>
                <validation:is-not-empty value="#[payload.body]" message="Body Part is not available in your Data"/>
            </validation:validations>
        </validation:all>
        <validation:all doc:name="Validation">
            <validation:validations>
                <validation:is-not-empty value="#[payload.body.SchoolUniqueId]" message="SchoolUniqueId should NOT NULL"/>
                <validation:is-not-null value="#[payload.body.Status]" message="Status either TRUE or FALSE"/>
            </validation:validations>
        </validation:all>

       
       
        <set-variable variableName="var_header" value="#[payload]" doc:name="Variable"/>
        <set-variable variableName="var_Uid" value="#[payload.body.SchoolUniqueId]" doc:name="Variable"/>
        <set-variable variableName="var_Status" value="#[payload.body.Status]" doc:name="Variable"/>
        <set-variable variableName="var_store" value="#[new java.util.HashMap()]" doc:name="Variable"/>
        <foreach collection="#[flowVars.var_Uid]" doc:name="For Each" rootMessageVariableName="#[flowVars.var_store]">
            <validation:all doc:name="Validation">
                <validation:validations>
                    <validation:is-not-null value="#[payload]" message="SchoolUniqueId should NOT NULL"/>
                    <validation:validate-size value="#[payload]" min="1" max="10" message="SchoolUniqueId should be 10 DIGITS only"/>
                </validation:validations>
            </validation:all>
            <set-variable variableName="current_ID" value="#[payload]" doc:name="Variable"/>
            <db:select config-ref="MySQL_Configuration" doc:name="Database">
                <db:parameterized-query><![CDATA[SELECT * FROM SchoolApp.registeredschools  WHERE SchoolUniqueId = #[flowVars.current_ID];]]></db:parameterized-query>
            </db:select>
            <set-variable variableName="validation" value="#[payload.size()]" doc:name="Variable"/>
            <choice doc:name="Choice">
                <when expression="#[(flowVars.var_Status=='true')&amp;&amp;(flowVars.validation==1)]">
                    <db:update config-ref="MySQL_Configuration" doc:name="true_Database">
                        <db:parameterized-query><![CDATA[UPDATE registeredschools SET Status='true'
WHERE SchoolUniqueId = #[flowVars.current_ID];]]></db:parameterized-query>
                    </db:update>
                    <set-variable variableName="true_push" value="#[flowVars.var_store.put(flowVars.current_ID,'true')]" doc:name="Variable"/>
                </when>
                <when expression="#[(flowVars.var_Status=='false')&amp;&amp;(flowVars.validation==1)]">
                    <db:update config-ref="MySQL_Configuration" doc:name="false_Database">
                        <db:parameterized-query><![CDATA[UPDATE registeredschools SET Status='false'
WHERE SchoolUniqueId=#[flowVars.current_ID];]]></db:parameterized-query>
                    </db:update>
                    <set-variable variableName="false_push" value="#[flowVars.var_store.put(flowVars.current_ID,'false')]" doc:name="Variable"/>
                </when>
                <when expression="#[flowVars.validation==0]">
                    <set-variable variableName="U_invalid" value="#[flowVars.var_store.put(flowVars.current_ID,'INVALID_Uid')]" doc:name="Variable"/>
                </when>
                <otherwise>
                    <logger level="INFO" doc:name="Logger"/>
                </otherwise>
            </choice>

        </foreach>
        <expression-transformer expression="#[[  'header': {   'guid': flowVars.var_header.header.guid,   'requestedOn': flowVars.var_header.header.requestedOn,   'requestedFrom': flowVars.var_header.header.requestedFrom,   'geoLocation': flowVars.var_header.header.geoLocation  },  'body': flowVars.var_store]]" doc:name="Expression"/>
        <json:object-to-json-transformer doc:name="Object to JSON"/>
        <logger message="*************#[payload]*********************" level="INFO" doc:name="Logger"/>
        <logger level="INFO" doc:name="Logger"/>

    </flow>
    <apikit:mapping-exception-strategy name="api-apiKitGlobalExceptionMapping">
        <apikit:mapping statusCode="404">
            <apikit:exception value="org.mule.module.apikit.exception.NotFoundException" />
            <set-property propertyName="Content-Type" value="application/json" doc:name="Property"/>
            <set-payload value="{ &quot;message&quot;: &quot;Resource not found&quot; }" doc:name="Set Payload"/>
        </apikit:mapping>
        <apikit:mapping statusCode="405">
            <apikit:exception value="org.mule.module.apikit.exception.MethodNotAllowedException" />
            <set-property propertyName="Content-Type" value="application/json" doc:name="Property"/>
            <set-payload value="{ &quot;message&quot;: &quot;Method not allowed&quot; }" doc:name="Set Payload"/>
        </apikit:mapping>
        <apikit:mapping statusCode="415">
            <apikit:exception value="org.mule.module.apikit.exception.UnsupportedMediaTypeException" />
            <set-property propertyName="Content-Type" value="application/json" doc:name="Property"/>
            <set-payload value="{ &quot;message&quot;: &quot;Unsupported media type&quot; }" doc:name="Set Payload"/>
        </apikit:mapping>
        <apikit:mapping statusCode="406">
            <apikit:exception value="org.mule.module.apikit.exception.NotAcceptableException" />
            <set-property propertyName="Content-Type" value="application/json" doc:name="Property"/>
            <set-payload value="{ &quot;message&quot;: &quot;Not acceptable&quot; }" doc:name="Set Payload"/>
        </apikit:mapping>
        <apikit:mapping statusCode="400">
            <apikit:exception value="org.mule.module.apikit.exception.BadRequestException" />
            <set-property propertyName="Content-Type" value="application/json" doc:name="Property"/>
            <set-payload value="{ &quot;message&quot;: &quot;Bad request&quot; }" doc:name="Set Payload"/>
        </apikit:mapping>
    </apikit:mapping-exception-strategy>
</mule>
